"m","n","missing","cor","mkl","openblas","naive"
2000,2000,0,11.5022,1.017,0.7447,20.1266
2000,2000,0.05,0.0487000000000023,1.0063,0.759199999999998,25.6431
2000,2000,0.1,0.0460000000000036,1.0324,0.720499999999993,31.5069
2000,2000,0.2,0.0471000000000004,1.02520000000002,0.790200000000004,42.9954
2000,2000,0.4,0.0493999999999915,1.02349999999999,0.723299999999995,59.9568
2000,2000,0.8,0.0536999999999807,1.00129999999999,0.818100000000004,23.1921
