"m","n","one_input","two_inputs"
100,100,0.1771,0.20345
500,500,0.3216,0.33085
1000,1000,0.32955,0.3884
2000,2000,0.5776,0.7022
4000,4000,2.53875,3.28075
8000,8000,11.5335,15.1765
