"m","n","cor","mkl","openblas","naive"
75,100,0.0017,0.0491,0.18795,0.00245000000000002
375,500,0.13445,0.16215,0.34805,0.2444
750,1000,1.0703,0.38855,0.3998,1.8337
1500,2000,8.016,0.959899999999999,0.681700000000001,14.6778
3000,4000,69.39025,4.15724999999998,3.02275,116.896
6000,8000,553.3465,19.607,12.7175,941.391
