"m","n","cor","mkl","openblas","naive"
2000,100,0.0314,0.0898,0.21495,0.04955
2000,500,0.6631,0.2454,0.38455,1.21605
2000,1000,2.65805,0.4734,0.4339,5.0227
2000,2000,11.96825,1.03855,0.753100000000001,19.3266
2000,4000,46.8065,3.66175000000004,2.548,78.71275
2000,8000,185.804,13.4270000000001,7.06099999999992,312.955
