"m","n","missing","cor","mkl","openblas","naive"
2000,2000,0,79.56475,1.00024999999999,0.695250000000001,20.4515
2000,2000,0.05,89.25725,1.06,0.779749999999979,25.89
2000,2000,0.1,93.3872500000001,1.06849999999997,0.82650000000001,33.4615
2000,2000,0.2,111.8975,0.999250000000075,0.747250000000008,44.99325
2000,2000,0.4,137.905,1.06850000000009,0.712750000000028,59.75
2000,2000,0.8,52.84025,1.05799999999999,0.837750000000028,23.3367500000001
