"m","n","one_input","two_inputs"
100,100,0.18195,0.20015
500,500,0.34215,0.31655
1000,1000,0.3681,0.3734
2000,2000,0.6485,0.74555
4000,4000,2.53075,3.373
8000,8000,11.2745,14.983
