"m","n","cor","mkl","openblas","naive"
100,100,0.00225,0.07995,0.19335,0.0032
500,500,0.17345,0.15145,0.35375,0.3061
1000,1000,1.3324,0.38195,0.3766,2.44115
2000,2000,11.0825,1.00965,0.735300000000001,19.3104
4000,4000,92.2235,4.64249999999998,3.29849999999999,156.6865
8000,8000,738.1905,22.7329999999997,15.2260000000001,1285.164
